id,title,score,num_comments,author,created_utc,url,over_18,edited,spoiler,stickied
1cyz8gm,What exactly does a Data Engineering Manager at a FAANG company or in a $250k+ role do day-to-day,136,72,theant97,2024-05-23 18:00:43,https://www.reddit.com/r/dataengineering/comments/1cyz8gm/what_exactly_does_a_data_engineering_manager_at_a/,False,False,False,False
1cywpgw,When do you prefer SQL or Python for Data Engineering?,101,128,AMDataLake,2024-05-23 16:15:33,https://www.reddit.com/r/dataengineering/comments/1cywpgw/when_do_you_prefer_sql_or_python_for_data/,False,False,False,False
1cz3m7f,How are we feeling about “Lakehouse” solutions,31,14,LeisureActivities,2024-05-23 21:02:09,https://www.reddit.com/r/dataengineering/comments/1cz3m7f/how_are_we_feeling_about_lakehouse_solutions/,False,False,False,False
1czb6cb,Testing framework recommendations for complex SQL transformations,25,21,SDFP-A,2024-05-24 03:14:25,https://www.reddit.com/r/dataengineering/comments/1czb6cb/testing_framework_recommendations_for_complex_sql/,False,False,False,False
1czb0m6,What's your favorite article from a technical blog?,19,3,on_the_mark_data,2024-05-24 03:05:12,https://www.reddit.com/r/dataengineering/comments/1czb0m6/whats_your_favorite_article_from_a_technical_blog/,False,False,False,False
1cz63dv,Handling Duplicates In Streaming Pipeline,11,8,mjfnd,2024-05-23 22:51:03,https://www.junaideffendi.com/p/handling-duplicates-in-streaming,False,False,False,False
1czgfh9,How strictly do you adhere to development best practices when working on a solo project?,13,7,RCdeWit,2024-05-24 09:05:27,https://www.reddit.com/r/dataengineering/comments/1czgfh9/how_strictly_do_you_adhere_to_development_best/,False,False,False,False
1cyvj2g,Best way to store chunks of time series data,8,8,bad_specimen,2024-05-23 15:27:14,https://www.reddit.com/r/dataengineering/comments/1cyvj2g/best_way_to_store_chunks_of_time_series_data/,False,False,False,False
1czbui1,Free database design tool  - DrawDB,7,1,devschema,2024-05-24 03:53:40,https://drawdb.vercel.app/,False,False,False,False
1cyytik,Example of how tables at staging differ from final warehouse tables?,4,5,fittyfive9,2024-05-23 17:43:09,https://www.reddit.com/r/dataengineering/comments/1cyytik/example_of_how_tables_at_staging_differ_from/,False,False,False,False
1czh5nd,What’s Wrong with BI,4,2,sbalnojan,2024-05-24 10:00:10,https://www.thdpth.com/p/whats-wrong-with-bi,False,False,False,False
1czh51d,Need Advice - Recently joined company as a Senior Data Engineer but BI Manager refusing to give me permissions on Snowflake.,8,6,elbowjones00,2024-05-24 09:58:56,https://www.reddit.com/r/dataengineering/comments/1czh51d/need_advice_recently_joined_company_as_a_senior/,False,False,False,False
1czf0b6,Clickhouse vs Elasticsearch for IoT - Academia,4,1,carldoublecloud,2024-05-24 07:18:38,https://www.reddit.com/r/dataengineering/comments/1czf0b6/clickhouse_vs_elasticsearch_for_iot_academia/,False,False,False,False
1cyyf6y,Any resources to learn AWS glue.,3,1,arunrajan96,2024-05-23 17:26:26,https://www.reddit.com/r/dataengineering/comments/1cyyf6y/any_resources_to_learn_aws_glue/,False,False,False,False
1cyvi3o,5 books to learn real-time systems,5,0,dan_the_lion,2024-05-23 15:26:11,https://www.reddit.com/r/dataengineering/comments/1cyvi3o/5_books_to_learn_realtime_systems/,False,False,False,False
1czfxxa,Migration from SAP Data Services to Azure,3,0,No-Acanthaceae-9174,2024-05-24 08:28:46,https://www.reddit.com/r/dataengineering/comments/1czfxxa/migration_from_sap_data_services_to_azure/,False,False,False,False
1cz1rqr,Is there any open-source connectors library that I can use for fetching data from various different data sources?,3,2,lightt77,2024-05-23 19:45:17,https://www.reddit.com/r/dataengineering/comments/1cz1rqr/is_there_any_opensource_connectors_library_that_i/,False,False,False,False
1czj0rj,AI Agent for monitoring and predicting Snowflake costs!,2,0,Lablade04,2024-05-24 11:59:19,https://www.reddit.com/r/dataengineering/comments/1czj0rj/ai_agent_for_monitoring_and_predicting_snowflake/,False,False,False,False
1czbq04,How do you help analysts review their PRs on your data project? Is it needed?,2,0,devschema,2024-05-24 03:46:09,https://medium.com/inthepipeline/self-serve-review-for-self-serve-data-06b606e90cce,False,False,False,False
1cz7881,Storing list of blocked UUIDs in MySQL?,2,1,Initial-Dark-8919,2024-05-23 23:45:14,https://www.reddit.com/r/dataengineering/comments/1cz7881/storing_list_of_blocked_uuids_in_mysql/,False,False,False,False
1cz17jx,"How  REFRESH MATERIALIZED VIEW in Redshift works, and how it handles queries during refresh",2,1,Purple_Wrap9596,2024-05-23 19:22:04,https://www.reddit.com/r/dataengineering/comments/1cz17jx/how_refresh_materialized_view_in_redshift_works/,False,False,False,False
1cyzpn3,Is data vault just relational schema rebranded?,3,3,fittyfive9,2024-05-23 18:20:05,https://www.reddit.com/r/dataengineering/comments/1cyzpn3/is_data_vault_just_relational_schema_rebranded/,False,False,False,False
1cywy80,Are Udemy courses on Airflow worth buying? ,2,5,Interesting-Rub-3984,2024-05-23 16:25:21,https://www.reddit.com/r/dataengineering/comments/1cywy80/are_udemy_courses_on_airflow_worth_buying/,False,False,False,False
1czk3ql,Issues with Data Loss in Firebase to BigQuery Integration,1,0,Secret_Walk6385,2024-05-24 12:57:31,https://www.reddit.com/r/dataengineering/comments/1czk3ql/issues_with_data_loss_in_firebase_to_bigquery/,False,False,False,False
1czjf2p,Orchestrating Aws ecs task and glue job,1,1,Ashraf1395,2024-05-24 12:20:41,https://www.reddit.com/r/dataengineering/comments/1czjf2p/orchestrating_aws_ecs_task_and_glue_job/,False,False,False,False
1cyz0ka,Tutorials/certs for GCP,1,0,EuphoricArtichoke,2024-05-23 17:51:24,https://www.reddit.com/r/dataengineering/comments/1cyz0ka/tutorialscerts_for_gcp/,False,False,False,False
1cyyibo,Zendesk ticket audit endpoint? ,1,0,Rogie_88,2024-05-23 17:30:04,https://www.reddit.com/r/dataengineering/comments/1cyyibo/zendesk_ticket_audit_endpoint/,False,False,False,False
1cyvevv,Need Assistance in Career Transition,1,1,HelpfulGeologist5007,2024-05-23 15:22:20,https://www.reddit.com/r/dataengineering/comments/1cyvevv/need_assistance_in_career_transition/,False,False,False,False
1cyty73,Why Doesn't Databricks DLT Support External Locations?,1,9,JazzlikeReaction631,2024-05-23 14:20:33,https://www.reddit.com/r/dataengineering/comments/1cyty73/why_doesnt_databricks_dlt_support_external/,False,False,False,False
1czibh3,Which one is more important in DE: PySpark or Scala?,3,7,Irachar,2024-05-24 11:17:27,https://www.reddit.com/r/dataengineering/comments/1czibh3/which_one_is_more_important_in_de_pyspark_or_scala/,False,False,False,False
1cyz74m,Can you love data engineering?,0,27,grind_till_forbes,2024-05-23 17:59:14,https://www.reddit.com/r/dataengineering/comments/1cyz74m/can_you_love_data_engineering/,False,False,False,False
